{"timestamps": [1570914951.17046, 1570914954.373303, 1570914957.741483, 1570914960.661168], "initial_reset_timestamp": 1570914948.26291, "episode_types": ["t", "t", "t", "t", "t"], "episode_lengths": [7, 8, 9, 7], "episode_rewards": [-260.0, -250.0, -240.0, -260.0]}